-- MySQL dump 10.13  Distrib 5.5.38-35.2, for Linux (x86_64)
--
-- Host: localhost    Database: washten2_soq
-- ------------------------------------------------------
-- Server version	5.5.38-35.2-log

/*!40101 SET @OLD_CHARACTER_SET_CLIENT=@@CHARACTER_SET_CLIENT */;
/*!40101 SET @OLD_CHARACTER_SET_RESULTS=@@CHARACTER_SET_RESULTS */;
/*!40101 SET @OLD_COLLATION_CONNECTION=@@COLLATION_CONNECTION */;
/*!40101 SET NAMES utf8 */;
/*!40103 SET @OLD_TIME_ZONE=@@TIME_ZONE */;
/*!40103 SET TIME_ZONE='+00:00' */;
/*!40014 SET @OLD_UNIQUE_CHECKS=@@UNIQUE_CHECKS, UNIQUE_CHECKS=0 */;
/*!40014 SET @OLD_FOREIGN_KEY_CHECKS=@@FOREIGN_KEY_CHECKS, FOREIGN_KEY_CHECKS=0 */;
/*!40101 SET @OLD_SQL_MODE=@@SQL_MODE, SQL_MODE='NO_AUTO_VALUE_ON_ZERO' */;
/*!40111 SET @OLD_SQL_NOTES=@@SQL_NOTES, SQL_NOTES=0 */;

--
-- Table structure for table `QuestionSet`
--

DROP TABLE IF EXISTS `QuestionSet`;
/*!40101 SET @saved_cs_client     = @@character_set_client */;
/*!40101 SET character_set_client = utf8 */;
CREATE TABLE `QuestionSet` (
  `ID` int(2) NOT NULL,
  `SetName` varchar(45) NOT NULL
) ENGINE=MyISAM DEFAULT CHARSET=utf8;
/*!40101 SET character_set_client = @saved_cs_client */;

--
-- Dumping data for table `QuestionSet`
--

LOCK TABLES `QuestionSet` WRITE;
/*!40000 ALTER TABLE `QuestionSet` DISABLE KEYS */;
INSERT INTO `QuestionSet` (`ID`, `SetName`) VALUES (1,'FTPT-F07-SS12'),(2,'FTPT-F12-SS13'),(3,'SKL-F07-F13'),(4,'DL-F07-SS12'),(5,'DL-F12-SS13');
/*!40000 ALTER TABLE `QuestionSet` ENABLE KEYS */;
UNLOCK TABLES;

--
-- Table structure for table `answers`
--

DROP TABLE IF EXISTS `answers`;
/*!40101 SET @saved_cs_client     = @@character_set_client */;
/*!40101 SET character_set_client = utf8 */;
CREATE TABLE `answers` (
  `ID` int(11) NOT NULL,
  `answer` float NOT NULL,
  `SOQnum` int(2) NOT NULL,
  `fk_QuestionSetID` int(11) NOT NULL,
  `fk_TermID` int(2) NOT NULL,
  `fk_ClassID` int(2) NOT NULL,
  `fk_InstructorID` int(2) NOT NULL,
  PRIMARY KEY (`ID`),
  KEY `fk_answers_questions1_idx` (`fk_QuestionSetID`)
) ENGINE=MyISAM DEFAULT CHARSET=utf8;
/*!40101 SET character_set_client = @saved_cs_client */;

--
-- Dumping data for table `answers`
--

LOCK TABLES `answers` WRITE;
/*!40000 ALTER TABLE `answers` DISABLE KEYS */;
INSERT INTO `answers` (`ID`, `answer`, `SOQnum`, `fk_QuestionSetID`, `fk_TermID`, `fk_ClassID`, `fk_InstructorID`) VALUES (1,4.63,1,3,13,0,12),(2,4.5,2,3,13,0,12),(3,4.38,3,3,13,0,12),(4,4.38,4,3,13,0,12),(5,4.5,5,3,13,0,12),(6,4.88,6,3,13,0,12),(7,4.5,7,3,13,0,12),(8,4.5,8,3,13,0,12),(9,4.5,9,3,13,0,12),(10,4.88,10,3,13,0,12),(11,4.63,11,3,13,0,12),(12,5,12,3,13,0,12),(13,4.43,1,3,13,0,7),(14,4.43,2,3,13,0,7),(15,4.21,3,3,13,0,7),(16,4.29,4,3,13,0,7),(17,4.43,5,3,13,0,7),(18,4.79,6,3,13,0,7),(19,4.64,7,3,13,0,7),(20,4.79,8,3,13,0,7),(21,4.85,9,3,13,0,7),(22,4.86,10,3,13,0,7),(23,4.64,11,3,13,0,7),(24,4.86,12,3,13,0,7),(25,4.29,1,3,13,0,1),(26,4.21,2,3,13,0,1),(27,4.29,3,3,13,0,1),(28,3.86,4,3,13,0,1),(29,4.5,5,3,13,0,1),(30,4.46,6,3,13,0,1),(31,4.57,7,3,13,0,1),(32,4.21,8,3,13,0,1),(33,4.29,9,3,13,0,1),(34,4.71,10,3,13,0,1),(35,4.71,11,3,13,0,1),(36,5,12,3,13,0,1),(37,4.18,1,3,13,0,8),(38,4.45,2,3,13,0,8),(39,3.91,3,3,13,0,8),(40,3.55,4,3,13,0,8),(41,4.36,5,3,13,0,8),(42,4.27,6,3,13,0,8),(43,3.82,7,3,13,0,8),(44,4,8,3,13,0,8),(45,4.3,9,3,13,0,8),(46,4.64,10,3,13,0,8),(47,4.36,11,3,13,0,8),(48,5,12,3,13,0,8),(49,4.47,1,3,13,0,13),(50,4.47,2,3,13,0,13),(51,4.24,3,3,13,0,13),(52,4,4,3,13,0,13),(53,4.53,5,3,13,0,13),(54,4.59,6,3,13,0,13),(55,4.24,7,3,13,0,13),(56,4.41,8,3,13,0,13),(57,4.53,9,3,13,0,13),(58,4.88,10,3,13,0,13),(59,4.71,11,3,13,0,13),(60,5,12,3,13,0,13),(61,4.15,1,3,13,0,3),(62,3.92,2,3,13,0,3),(63,3.23,3,3,13,0,3),(64,3.23,4,3,13,0,3),(65,4.23,5,3,13,0,3),(66,3.31,6,3,13,0,3),(67,3,7,3,13,0,3),(68,3.69,8,3,13,0,3),(69,3.77,9,3,13,0,3),(70,4.31,10,3,13,0,3),(71,4.15,11,3,13,0,3),(72,4.92,12,3,13,0,3),(73,4,1,3,13,0,2),(74,4.46,2,3,13,0,2),(75,3.93,3,3,13,0,2),(76,3.85,4,3,13,0,2),(77,4.29,5,3,13,0,2),(78,3.79,6,3,13,0,2),(79,3.93,7,3,13,0,2),(80,4.15,8,3,13,0,2),(81,4.21,9,3,13,0,2),(82,4.71,10,3,13,0,2),(83,4.29,11,3,13,0,2),(84,5,12,3,13,0,2),(85,4.08,1,3,13,0,6),(86,4.15,2,3,13,0,6),(87,3.54,3,3,13,0,6),(88,3.69,4,3,13,0,6),(89,4.38,5,3,13,0,6),(90,4.38,6,3,13,0,6),(91,4.31,7,3,13,0,6),(92,4.15,8,3,13,0,6),(93,4.62,9,3,13,0,6),(94,4.77,10,3,13,0,6),(95,4.54,11,3,13,0,6),(96,5,12,3,13,0,6),(97,4.55,1,3,19,0,14),(98,4.45,2,3,19,0,14),(99,4.09,3,3,19,0,14),(100,4.18,4,3,19,0,14),(101,4.45,5,3,19,0,14),(102,4.73,6,3,19,0,14),(103,4.82,7,3,19,0,14),(104,4.44,8,3,19,0,14),(105,4.73,9,3,19,0,14),(106,4.8,10,3,19,0,14),(107,4.82,11,3,19,0,14),(108,5,12,3,19,0,14),(109,4.8,1,3,19,0,7),(110,4.85,2,3,19,0,7),(111,4.75,3,3,19,0,7),(112,4.8,4,3,19,0,7),(113,4.95,5,3,19,0,7),(114,4.85,6,3,19,0,7),(115,4.9,7,3,19,0,7),(116,4.9,8,3,19,0,7),(117,4.9,9,3,19,0,7),(118,4.9,10,3,19,0,7),(119,4.9,11,3,19,0,7),(120,5,12,3,19,0,7),(121,4.67,1,3,19,0,13),(122,4.64,2,3,19,0,13),(123,4.67,3,3,19,0,13),(124,4.64,4,3,19,0,13),(125,4.83,5,3,19,0,13),(126,4.92,6,3,19,0,13),(127,4.75,7,3,19,0,13),(128,4.82,8,3,19,0,13),(129,4.83,9,3,19,0,13),(130,4.92,10,3,19,0,13),(131,4.92,11,3,19,0,13),(132,5,12,3,19,0,13),(133,4.36,1,3,19,0,3),(134,4.5,2,3,19,0,3),(135,4.08,3,3,19,0,3),(136,4.27,4,3,19,0,3),(137,4.67,5,3,19,0,3),(138,4.5,6,3,19,0,3),(139,4.42,7,3,19,0,3),(140,4.5,8,3,19,0,3),(141,4.5,9,3,19,0,3),(142,4.67,10,3,19,0,3),(143,4.58,11,3,19,0,3),(144,5,12,3,19,0,3),(145,4.9,1,3,19,0,16),(146,4.5,2,3,19,0,16),(147,4.4,3,3,19,0,16),(148,4.7,4,3,19,0,16),(149,4.8,5,3,19,0,16),(150,4.7,6,3,19,0,16),(151,4.7,7,3,19,0,16),(152,4.7,8,3,19,0,16),(153,4.7,9,3,19,0,16),(154,4.9,10,3,19,0,16),(155,4.8,11,3,19,0,16),(156,4.9,12,3,19,0,16),(157,4.82,1,3,19,0,15),(158,4.64,2,3,19,0,15),(159,4.73,3,3,19,0,15),(160,4.91,4,3,19,0,15),(161,4.73,5,3,19,0,15),(162,5,6,3,19,0,15),(163,4.73,7,3,19,0,15),(164,4.91,8,3,19,0,15),(165,4.73,9,3,19,0,15),(166,4.91,10,3,19,0,15),(167,4.82,11,3,19,0,15),(168,5,12,3,19,0,15),(169,4.29,1,3,19,0,10),(170,4.29,2,3,19,0,10),(171,3.76,3,3,19,0,10),(172,4.12,4,3,19,0,10),(173,4.71,5,3,19,0,10),(174,4.35,6,3,19,0,10),(175,4.35,7,3,19,0,10),(176,4.12,8,3,19,0,10),(177,4.41,9,3,19,0,10),(178,4.71,10,3,19,0,10),(179,4.71,11,3,19,0,10),(180,5,12,3,19,0,10),(181,4.33,1,3,19,0,6),(182,4.2,2,3,19,0,6),(183,4.53,3,3,19,0,6),(184,4.27,4,3,19,0,6),(185,4.8,5,3,19,0,6),(186,4.67,6,3,19,0,6),(187,4.47,7,3,19,0,6),(188,4.67,8,3,19,0,6),(189,4.67,9,3,19,0,6),(190,4.87,10,3,19,0,6),(191,4.73,11,3,19,0,6),(192,5,12,3,19,0,6),(193,4.89,1,3,6,0,7),(194,4.89,2,3,6,0,7),(195,4.89,3,3,6,0,7),(196,4.89,4,3,6,0,7),(197,4.89,5,3,6,0,7),(198,5,6,3,6,0,7),(199,5,7,3,6,0,7),(200,4.89,8,3,6,0,7),(201,5,9,3,6,0,7),(202,5,10,3,6,0,7),(203,4.89,11,3,6,0,7),(204,5,12,3,6,0,7),(205,4.93,1,3,6,0,1),(206,4.93,2,3,6,0,1),(207,4.67,3,3,6,0,1),(208,4.47,4,3,6,0,1),(209,4.87,5,3,6,0,1),(210,4.87,6,3,6,0,1),(211,4.8,7,3,6,0,1),(212,4.73,8,3,6,0,1),(213,4.8,9,3,6,0,1),(214,5,10,3,6,0,1),(215,4.93,11,3,6,0,1),(216,4.93,12,3,6,0,1),(217,5,1,3,6,0,8),(218,4.82,2,3,6,0,8),(219,4.73,3,3,6,0,8),(220,4.55,4,3,6,0,8),(221,4.82,5,3,6,0,8),(222,4.91,6,3,6,0,8),(223,4.91,7,3,6,0,8),(224,4.91,8,3,6,0,8),(225,4.82,9,3,6,0,8),(226,4.91,10,3,6,0,8),(227,4.82,11,3,6,0,8),(228,4.7,12,3,6,0,8),(229,5,1,3,6,0,9),(230,4.94,2,3,6,0,9),(231,3.81,3,3,6,0,9),(232,4,4,3,6,0,9),(233,4.31,5,3,6,0,9),(234,4.19,6,3,6,0,9),(235,3.88,7,3,6,0,9),(236,3.79,8,3,6,0,9),(237,3.81,9,3,6,0,9),(238,4.19,10,3,6,0,9),(239,3.69,11,3,6,0,9),(240,4.94,12,3,6,0,9),(241,4.89,1,3,6,0,11),(242,4.89,2,3,6,0,11),(243,4.89,3,3,6,0,11),(244,4.72,4,3,6,0,11),(245,4.83,5,3,6,0,11),(246,5,6,3,6,0,11),(247,4.89,7,3,6,0,11),(248,4.83,8,3,6,0,11),(249,4.94,9,3,6,0,11),(250,4.67,10,3,6,0,11),(251,4.89,11,3,6,0,11),(252,4.94,12,3,6,0,11),(253,4.47,1,3,6,0,4),(254,4.67,2,3,6,0,4),(255,4.47,3,3,6,0,4),(256,4.27,4,3,6,0,4),(257,4.6,5,3,6,0,4),(258,4.6,6,3,6,0,4),(259,4.33,7,3,6,0,4),(260,4.47,8,3,6,0,4),(261,4.33,9,3,6,0,4),(262,4.67,10,3,6,0,4),(263,4.73,11,3,6,0,4),(264,5,12,3,6,0,4),(265,4.41,1,3,6,0,3),(266,4.41,2,3,6,0,3),(267,4.24,3,3,6,0,3),(268,4.24,4,3,6,0,3),(269,4.59,5,3,6,0,3),(270,4.29,6,3,6,0,3),(271,4.35,7,3,6,0,3),(272,4.44,8,3,6,0,3),(273,4.47,9,3,6,0,3),(274,4.88,10,3,6,0,3),(275,4.71,11,3,6,0,3),(276,5,12,3,6,0,3),(277,4.43,1,3,6,0,2),(278,4.43,2,3,6,0,2),(279,4.07,3,3,6,0,2),(280,4.08,4,3,6,0,2),(281,4.43,5,3,6,0,2),(282,4.57,6,3,6,0,2),(283,4.21,7,3,6,0,2),(284,4.43,8,3,6,0,2),(285,4.57,9,3,6,0,2),(286,4.71,10,3,6,0,2),(287,4.64,11,3,6,0,2),(288,4.54,12,3,6,0,2),(289,4.27,1,3,6,0,6),(290,4.18,2,3,6,0,6),(291,4.36,3,3,6,0,6),(292,4.18,4,3,6,0,6),(293,4.55,5,3,6,0,6),(294,4.91,6,3,6,0,6),(295,4.7,7,3,6,0,6),(296,4.45,8,3,6,0,6),(297,4.73,9,3,6,0,6),(298,5,10,3,6,0,6),(299,4.64,11,3,6,0,6),(300,5,12,3,6,0,6),(301,4.67,1,3,9,0,13),(302,4.5,2,3,9,0,13),(303,4,3,3,9,0,13),(304,4.67,4,3,9,0,13),(305,4.83,5,3,9,0,13),(306,4.83,6,3,9,0,13),(307,4.83,7,3,9,0,13),(308,4.6,8,3,9,0,13),(309,4.6,9,3,9,0,13),(310,4.83,10,3,9,0,13),(311,4.5,11,3,9,0,13),(312,5,12,3,9,0,13),(313,4.42,1,3,9,0,1),(314,4.42,2,3,9,0,1),(315,4.42,3,3,9,0,1),(316,4.58,4,3,9,0,1),(317,4.67,5,3,9,0,1),(318,4.92,6,3,9,0,1),(319,4.92,7,3,9,0,1),(320,4.58,8,3,9,0,1),(321,4.75,9,3,9,0,1),(322,4.92,10,3,9,0,1),(323,4.92,11,3,9,0,1),(324,5,12,3,9,0,1),(325,4.6,1,3,9,0,8),(326,4.8,2,3,9,0,8),(327,4.4,3,3,9,0,8),(328,4.6,4,3,9,0,8),(329,4.8,5,3,9,0,8),(330,4.6,6,3,9,0,8),(331,4.6,7,3,9,0,8),(332,4.8,8,3,9,0,8),(333,4.6,9,3,9,0,8),(334,4.6,10,3,9,0,8),(335,4.4,11,3,9,0,8),(336,4.6,12,3,9,0,8),(337,4.33,1,3,9,0,9),(338,4.33,2,3,9,0,9),(339,3.67,3,3,9,0,9),(340,4,4,3,9,0,9),(341,4.33,5,3,9,0,9),(342,4.67,6,3,9,0,9),(343,4.67,7,3,9,0,9),(344,4,8,3,9,0,9),(345,4,9,3,9,0,9),(346,4.33,10,3,9,0,9),(347,3.33,11,3,9,0,9),(348,4.33,12,3,9,0,9),(349,4.6,1,3,9,0,11),(350,4.7,2,3,9,0,11),(351,3.9,3,3,9,0,11),(352,4.4,4,3,9,0,11),(353,4.4,5,3,9,0,11),(354,4.7,6,3,9,0,11),(355,4.4,7,3,9,0,11),(356,4.33,8,3,9,0,11),(357,4.5,9,3,9,0,11),(358,4.9,10,3,9,0,11),(359,4.5,11,3,9,0,11),(360,5,12,3,9,0,11),(361,4.88,1,3,9,0,4),(362,4.88,2,3,9,0,4),(363,5,3,3,9,0,4),(364,5,4,3,9,0,4),(365,5,5,3,9,0,4),(366,4.88,6,3,9,0,4),(367,4.88,7,3,9,0,4),(368,4.88,8,3,9,0,4),(369,4.88,9,3,9,0,4),(370,5,10,3,9,0,4),(371,5,11,3,9,0,4),(372,4.5,12,3,9,0,4),(373,4.63,1,3,9,0,3),(374,4.68,2,3,9,0,3),(375,4.79,3,3,9,0,3),(376,4.47,4,3,9,0,3),(377,4.47,5,3,9,0,3),(378,4.63,6,3,9,0,3),(379,4.58,7,3,9,0,3),(380,4.5,8,3,9,0,3),(381,4.78,9,3,9,0,3),(382,4.95,10,3,9,0,3),(383,4.68,11,3,9,0,3),(384,5,12,3,9,0,3),(385,4.62,1,3,9,0,2),(386,4.62,2,3,9,0,2),(387,4.23,3,3,9,0,2),(388,4.31,4,3,9,0,2),(389,4.85,5,3,9,0,2),(390,4.54,6,3,9,0,2),(391,4.46,7,3,9,0,2),(392,4.46,8,3,9,0,2),(393,4.85,9,3,9,0,2),(394,4.85,10,3,9,0,2),(395,4.62,11,3,9,0,2),(396,4.62,12,3,9,0,2),(397,4.47,1,3,9,0,6),(398,4.47,2,3,9,0,6),(399,4.53,3,3,9,0,6),(400,4.53,4,3,9,0,6),(401,4.82,5,3,9,0,6),(402,4.82,6,3,9,0,6),(403,4.71,7,3,9,0,6),(404,4.6,8,3,9,0,6),(405,4.65,9,3,9,0,6),(406,4.82,10,3,9,0,6),(407,4.76,11,3,9,0,6),(408,5,12,3,9,0,6),(409,4,1,3,12,0,12),(410,5,2,3,12,0,12),(411,5,3,3,12,0,12),(412,5,4,3,12,0,12),(413,5,5,3,12,0,12),(414,5,6,3,12,0,12),(415,5,7,3,12,0,12),(416,5,8,3,12,0,12),(417,5,9,3,12,0,12),(418,5,10,3,12,0,12),(419,5,11,3,12,0,12),(420,5,12,3,12,0,12),(421,4.33,1,3,12,0,7),(422,4.56,2,3,12,0,7),(423,4.11,3,3,12,0,7),(424,3.89,4,3,12,0,7),(425,4.75,5,3,12,0,7),(426,4.56,6,3,12,0,7),(427,4.33,7,3,12,0,7),(428,4.44,8,3,12,0,7),(429,4.22,9,3,12,0,7),(430,4.89,10,3,12,0,7),(431,4.56,11,3,12,0,7),(432,5,12,3,12,0,7),(433,4.73,1,3,12,0,1),(434,4.36,2,3,12,0,1),(435,4.45,3,3,12,0,1),(436,4.55,4,3,12,0,1),(437,4.82,5,3,12,0,1),(438,4.27,6,3,12,0,1),(439,4.27,7,3,12,0,1),(440,4.8,8,3,12,0,1),(441,4.45,9,3,12,0,1),(442,4.73,10,3,12,0,1),(443,4.82,11,3,12,0,1),(444,5,12,3,12,0,1),(445,4.4,1,3,12,0,8),(446,4.3,2,3,12,0,8),(447,4.4,3,3,12,0,8),(448,4.2,4,3,12,0,8),(449,4.6,5,3,12,0,8),(450,4.6,6,3,12,0,8),(451,4.78,7,3,12,0,8),(452,4.7,8,3,12,0,8),(453,4.8,9,3,12,0,8),(454,4.7,10,3,12,0,8),(455,4.7,11,3,12,0,8),(456,4.8,12,3,12,0,8),(457,4.83,1,3,12,0,9),(458,5,2,3,12,0,9),(459,4.5,3,3,12,0,9),(460,4.5,4,3,12,0,9),(461,4.67,5,3,12,0,9),(462,4.5,6,3,12,0,9),(463,4.67,7,3,12,0,9),(464,5,8,3,12,0,9),(465,4.83,9,3,12,0,9),(466,4.83,10,3,12,0,9),(467,4.67,11,3,12,0,9),(468,5,12,3,12,0,9),(469,4.82,1,3,12,0,10),(470,4.64,2,3,12,0,10),(471,4.36,3,3,12,0,10),(472,4.45,4,3,12,0,10),(473,4.55,5,3,12,0,10),(474,4.64,6,3,12,0,10),(475,4.36,7,3,12,0,10),(476,4.45,8,3,12,0,10),(477,4.5,9,3,12,0,10),(478,4.82,10,3,12,0,10),(479,4.73,11,3,12,0,10),(480,4.91,12,3,12,0,10),(481,4.46,1,3,12,0,13),(482,4.33,2,3,12,0,13),(483,4.38,3,3,12,0,13),(484,4.67,4,3,12,0,13),(485,4.62,5,3,12,0,13),(486,4.54,6,3,12,0,13),(487,4.62,7,3,12,0,13),(488,4.46,8,3,12,0,13),(489,4.54,9,3,12,0,13),(490,4.83,10,3,12,0,13),(491,4.69,11,3,12,0,13),(492,4.92,12,3,12,0,13),(493,4.47,1,3,12,0,3),(494,4.53,2,3,12,0,3),(495,3.88,3,3,12,0,3),(496,4.35,4,3,12,0,3),(497,4.41,5,3,12,0,3),(498,4.53,6,3,12,0,3),(499,4.35,7,3,12,0,3),(500,4.53,8,3,12,0,3),(501,4.65,9,3,12,0,3),(502,4.82,10,3,12,0,3),(503,4.59,11,3,12,0,3),(504,5,12,3,12,0,3),(505,4.44,1,3,12,0,2),(506,4.67,2,3,12,0,2),(507,4.67,3,3,12,0,2),(508,4.56,4,3,12,0,2),(509,4.89,5,3,12,0,2),(510,4.89,6,3,12,0,2),(511,4.67,7,3,12,0,2),(512,5,8,3,12,0,2),(513,4.89,9,3,12,0,2),(514,4.89,10,3,12,0,2),(515,4.89,11,3,12,0,2),(516,5,12,3,12,0,2),(517,4.07,1,3,12,0,6),(518,3.87,2,3,12,0,6),(519,4.33,3,3,12,0,6),(520,4.13,4,3,12,0,6),(521,4.53,5,3,12,0,6),(522,4.67,6,3,12,0,6),(523,4.8,7,3,12,0,6),(524,4.47,8,3,12,0,6),(525,4.6,9,3,12,0,6),(526,4.85,10,3,12,0,6),(527,4.64,11,3,12,0,6),(528,5,12,3,12,0,6),(529,4.71,1,3,5,0,7),(530,4.36,2,3,5,0,7),(531,4.64,3,3,5,0,7),(532,4.57,4,3,5,0,7),(533,4.71,5,3,5,0,7),(534,4.71,6,3,5,0,7),(535,4.57,7,3,5,0,7),(536,4.64,8,3,5,0,7),(537,4.71,9,3,5,0,7),(538,4.86,10,3,5,0,7),(539,4.36,11,3,5,0,7),(540,5,12,3,5,0,7),(541,4.9,1,3,5,0,1),(542,5,2,3,5,0,1),(543,4.7,3,3,5,0,1),(544,4.7,4,3,5,0,1),(545,4.8,5,3,5,0,1),(546,4.9,6,3,5,0,1),(547,4.9,7,3,5,0,1),(548,4.9,8,3,5,0,1),(549,4.8,9,3,5,0,1),(550,5,10,3,5,0,1),(551,4.9,11,3,5,0,1),(552,5,12,3,5,0,1),(553,5,1,3,5,0,8),(554,4.93,2,3,5,0,8),(555,4.79,3,3,5,0,8),(556,4.5,4,3,5,0,8),(557,4.79,5,3,5,0,8),(558,4.43,6,3,5,0,8),(559,4.64,7,3,5,0,8),(560,4.5,8,3,5,0,8),(561,4.64,9,3,5,0,8),(562,4.93,10,3,5,0,8),(563,4.5,11,3,5,0,8),(564,4.29,12,3,5,0,8),(565,4.88,1,3,5,0,9),(566,4.88,2,3,5,0,9),(567,4.12,3,3,5,0,9),(568,4.25,4,3,5,0,9),(569,4.24,5,3,5,0,9),(570,4.12,6,3,5,0,9),(571,3.93,7,3,5,0,9),(572,4,8,3,5,0,9),(573,3.94,9,3,5,0,9),(574,4.47,10,3,5,0,9),(575,3.94,11,3,5,0,9),(576,5,12,3,5,0,9),(577,4.91,1,3,5,0,11),(578,4.86,2,3,5,0,11),(579,4.7,3,3,5,0,11),(580,4.61,4,3,5,0,11),(581,4.87,5,3,5,0,11),(582,4.87,6,3,5,0,11),(583,4.87,7,3,5,0,11),(584,4.74,8,3,5,0,11),(585,4.83,9,3,5,0,11),(586,4.96,10,3,5,0,11),(587,4.7,11,3,5,0,11),(588,5,12,3,5,0,11),(589,4.31,1,3,5,0,4),(590,4.56,2,3,5,0,4),(591,4.44,3,3,5,0,4),(592,4.44,4,3,5,0,4),(593,4.56,5,3,5,0,4),(594,4.44,6,3,5,0,4),(595,4.44,7,3,5,0,4),(596,4.44,8,3,5,0,4),(597,4.56,9,3,5,0,4),(598,4.94,10,3,5,0,4),(599,4.75,11,3,5,0,4),(600,5,12,3,5,0,4),(601,4.77,1,3,5,0,3),(602,4.68,2,3,5,0,3),(603,4.36,3,3,5,0,3),(604,4.55,4,3,5,0,3),(605,4.77,5,3,5,0,3),(606,4.5,6,3,5,0,3),(607,4.23,7,3,5,0,3),(608,4.5,8,3,5,0,3),(609,4.45,9,3,5,0,3),(610,4.68,10,3,5,0,3),(611,4.59,11,3,5,0,3),(612,4.95,12,3,5,0,3),(613,4.43,1,3,5,0,2),(614,4.57,2,3,5,0,2),(615,4.29,3,3,5,0,2),(616,4.43,4,3,5,0,2),(617,4.71,5,3,5,0,2),(618,4.38,6,3,5,0,2),(619,4.14,7,3,5,0,2),(620,4.25,8,3,5,0,2),(621,4.37,9,3,5,0,2),(622,4.52,10,3,5,0,2),(623,4.57,11,3,5,0,2),(624,4.95,12,3,5,0,2),(625,4,1,3,5,0,6),(626,4.5,2,3,5,0,6),(627,4.5,3,3,5,0,6),(628,4.5,4,3,5,0,6),(629,4,5,3,5,0,6),(630,4.5,6,3,5,0,6),(631,4,7,3,5,0,6),(632,4.5,8,3,5,0,6),(633,4,9,3,5,0,6),(634,4.5,10,3,5,0,6),(635,4.5,11,3,5,0,6),(636,5,12,3,5,0,6),(637,4.85,1,3,8,0,7),(638,4.77,2,3,8,0,7),(639,4.69,3,3,8,0,7),(640,4.62,4,3,8,0,7),(641,4.92,5,3,8,0,7),(642,5,6,3,8,0,7),(643,4.77,7,3,8,0,7),(644,4.92,8,3,8,0,7),(645,5,9,3,8,0,7),(646,5,10,3,8,0,7),(647,4.85,11,3,8,0,7),(648,5,12,3,8,0,7),(649,4.33,1,3,8,0,13),(650,4.33,2,3,8,0,13),(651,4.17,3,3,8,0,13),(652,4.17,4,3,8,0,13),(653,4,5,3,8,0,13),(654,4.67,6,3,8,0,13),(655,4.67,7,3,8,0,13),(656,4.33,8,3,8,0,13),(657,4.5,9,3,8,0,13),(658,4.83,10,3,8,0,13),(659,4.17,11,3,8,0,13),(660,5,12,3,8,0,13),(661,3.75,1,3,8,0,1),(662,4,2,3,8,0,1),(663,4.08,3,3,8,0,1),(664,4.08,4,3,8,0,1),(665,4.5,5,3,8,0,1),(666,4.33,6,3,8,0,1),(667,4.42,7,3,8,0,1),(668,4.42,8,3,8,0,1),(669,4.42,9,3,8,0,1),(670,4.67,10,3,8,0,1),(671,4.58,11,3,8,0,1),(672,5,12,3,8,0,1),(673,4.33,1,3,8,0,8),(674,4.33,2,3,8,0,8),(675,4.5,3,3,8,0,8),(676,4.17,4,3,8,0,8),(677,4.17,5,3,8,0,8),(678,4.5,6,3,8,0,8),(679,4.5,7,3,8,0,8),(680,4.67,8,3,8,0,8),(681,4.83,9,3,8,0,8),(682,4.67,10,3,8,0,8),(683,4.33,11,3,8,0,8),(684,4.83,12,3,8,0,8),(685,4.76,1,3,8,0,11),(686,4.59,2,3,8,0,11),(687,4.53,3,3,8,0,11),(688,4.53,4,3,8,0,11),(689,4.71,5,3,8,0,11),(690,4.76,6,3,8,0,11),(691,4.59,7,3,8,0,11),(692,4.53,8,3,8,0,11),(693,4.71,9,3,8,0,11),(694,4.76,10,3,8,0,11),(695,4.59,11,3,8,0,11),(696,4.94,12,3,8,0,11),(697,4.58,1,3,8,0,4),(698,4.75,2,3,8,0,4),(699,4.75,3,3,8,0,4),(700,4.42,4,3,8,0,4),(701,4.58,5,3,8,0,4),(702,5,6,3,8,0,4),(703,4.67,7,3,8,0,4),(704,4.75,8,3,8,0,4),(705,4.75,9,3,8,0,4),(706,4.83,10,3,8,0,4),(707,4.64,11,3,8,0,4),(708,4.9,12,3,8,0,4),(709,4.75,1,3,8,0,3),(710,4.63,2,3,8,0,3),(711,4.63,3,3,8,0,3),(712,4.56,4,3,8,0,3),(713,4.88,5,3,8,0,3),(714,4.38,6,3,8,0,3),(715,4.25,7,3,8,0,3),(716,4.47,8,3,8,0,3),(717,4.44,9,3,8,0,3),(718,4.75,10,3,8,0,3),(719,4.69,11,3,8,0,3),(720,5,12,3,8,0,3),(721,5,1,3,8,0,2),(722,5,2,3,8,0,2),(723,5,3,3,8,0,2),(724,4.8,4,3,8,0,2),(725,4.8,5,3,8,0,2),(726,5,6,3,8,0,2),(727,5,7,3,8,0,2),(728,5,8,3,8,0,2),(729,5,9,3,8,0,2),(730,5,10,3,8,0,2),(731,5,11,3,8,0,2),(732,5,12,3,8,0,2),(733,4.13,1,3,8,0,6),(734,4.06,2,3,8,0,6),(735,4.35,3,3,8,0,6),(736,4.35,4,3,8,0,6),(737,4.71,5,3,8,0,6),(738,4.71,6,3,8,0,6),(739,4.71,7,3,8,0,6),(740,4.31,8,3,8,0,6),(741,4.76,9,3,8,0,6),(742,4.88,10,3,8,0,6),(743,4.76,11,3,8,0,6),(744,4.88,12,3,8,0,6),(745,4.5,1,3,11,0,12),(746,3.5,2,3,11,0,12),(747,4.5,3,3,11,0,12),(748,4.5,4,3,11,0,12),(749,4.5,5,3,11,0,12),(750,5,6,3,11,0,12),(751,5,7,3,11,0,12),(752,4.5,8,3,11,0,12),(753,5,9,3,11,0,12),(754,5,10,3,11,0,12),(755,4.5,11,3,11,0,12),(756,5,12,3,11,0,12),(757,4.6,1,3,11,0,7),(758,4.47,2,3,11,0,7),(759,4.4,3,3,11,0,7),(760,4.53,4,3,11,0,7),(761,4.6,5,3,11,0,7),(762,4.73,6,3,11,0,7),(763,4.73,7,3,11,0,7),(764,4.73,8,3,11,0,7),(765,4.53,9,3,11,0,7),(766,5,10,3,11,0,7),(767,4.67,11,3,11,0,7),(768,5,12,3,11,0,7),(769,4.55,1,3,11,0,1),(770,4.7,2,3,11,0,1),(771,4.35,3,3,11,0,1),(772,4.2,4,3,11,0,1),(773,4.74,5,3,11,0,1),(774,4.65,6,3,11,0,1),(775,4.45,7,3,11,0,1),(776,4.11,8,3,11,0,1),(777,4.21,9,3,11,0,1),(778,4.68,10,3,11,0,1),(779,4.9,11,3,11,0,1),(780,5,12,3,11,0,1),(781,4.57,1,3,11,0,8),(782,4.57,2,3,11,0,8),(783,4.46,3,3,11,0,8),(784,4.5,4,3,11,0,8),(785,4.77,5,3,11,0,8),(786,4.79,6,3,11,0,8),(787,4.64,7,3,11,0,8),(788,4.57,8,3,11,0,8),(789,4.64,9,3,11,0,8),(790,4.79,10,3,11,0,8),(791,4.64,11,3,11,0,8),(792,4.93,12,3,11,0,8),(793,4.8,1,3,11,0,9),(794,4.9,2,3,11,0,9),(795,4.6,3,3,11,0,9),(796,4.7,4,3,11,0,9),(797,4.9,5,3,11,0,9),(798,5,6,3,11,0,9),(799,4.8,7,3,11,0,9),(800,4.2,8,3,11,0,9),(801,4.7,9,3,11,0,9),(802,4.8,10,3,11,0,9),(803,4.7,11,3,11,0,9),(804,4.9,12,3,11,0,9),(805,4.42,1,3,11,0,10),(806,4.42,2,3,11,0,10),(807,4.42,3,3,11,0,10),(808,4.32,4,3,11,0,10),(809,4.26,5,3,11,0,10),(810,4.32,6,3,11,0,10),(811,4,7,3,11,0,10),(812,3.94,8,3,11,0,10),(813,4.32,9,3,11,0,10),(814,4.63,10,3,11,0,10),(815,4.53,11,3,11,0,10),(816,4.79,12,3,11,0,10),(817,4.36,1,3,11,0,13),(818,4.21,2,3,11,0,13),(819,4.36,3,3,11,0,13),(820,4.14,4,3,11,0,13),(821,4.5,5,3,11,0,13),(822,4.23,6,3,11,0,13),(823,4.08,7,3,11,0,13),(824,4.31,8,3,11,0,13),(825,4.57,9,3,11,0,13),(826,4.57,10,3,11,0,13),(827,4.29,11,3,11,0,13),(828,4.85,12,3,11,0,13),(829,4.85,1,3,11,0,3),(830,4.85,2,3,11,0,3),(831,4.58,3,3,11,0,3),(832,4.45,4,3,11,0,3),(833,4.72,5,3,11,0,3),(834,4.5,6,3,11,0,3),(835,4.5,7,3,11,0,3),(836,4.6,8,3,11,0,3),(837,4.7,9,3,11,0,3),(838,4.9,10,3,11,0,3),(839,4.8,11,3,11,0,3),(840,4.95,12,3,11,0,3),(841,4.88,1,3,11,0,2),(842,4.88,2,3,11,0,2),(843,4.76,3,3,11,0,2),(844,4.82,4,3,11,0,2),(845,4.82,5,3,11,0,2),(846,4.94,6,3,11,0,2),(847,4.88,7,3,11,0,2),(848,4.88,8,3,11,0,2),(849,4.88,9,3,11,0,2),(850,5,10,3,11,0,2),(851,4.88,11,3,11,0,2),(852,4.88,12,3,11,0,2),(853,4.17,1,3,11,0,6),(854,4.17,2,3,11,0,6),(855,4.58,3,3,11,0,6),(856,4.42,4,3,11,0,6),(857,4.33,5,3,11,0,6),(858,4.58,6,3,11,0,6),(859,4.42,7,3,11,0,6),(860,4.33,8,3,11,0,6),(861,4.58,9,3,11,0,6),(862,4.92,10,3,11,0,6),(863,4.92,11,3,11,0,6),(864,5,12,3,11,0,6),(865,4.67,1,3,14,0,12),(866,4.67,2,3,14,0,12),(867,4.75,3,3,14,0,12),(868,4.75,4,3,14,0,12),(869,4.75,5,3,14,0,12),(870,4.75,6,3,14,0,12),(871,4.75,7,3,14,0,12),(872,4.75,8,3,14,0,12),(873,4.75,9,3,14,0,12),(874,5,10,3,14,0,12),(875,5,11,3,14,0,12),(876,5,12,3,14,0,12),(877,4.8,1,3,14,0,7),(878,4.8,2,3,14,0,7),(879,4.8,3,3,14,0,7),(880,4.8,4,3,14,0,7),(881,4.7,5,3,14,0,7),(882,4.9,6,3,14,0,7),(883,4.8,7,3,14,0,7),(884,4.9,8,3,14,0,7),(885,4.8,9,3,14,0,7),(886,4.9,10,3,14,0,7),(887,4.4,11,3,14,0,7),(888,5,12,3,14,0,7),(889,4.4,1,3,14,0,1),(890,4.4,2,3,14,0,1),(891,4.2,3,3,14,0,1),(892,3.8,4,3,14,0,1),(893,4.2,5,3,14,0,1),(894,4.4,6,3,14,0,1),(895,4.2,7,3,14,0,1),(896,4.1,8,3,14,0,1),(897,3.9,9,3,14,0,1),(898,4.7,10,3,14,0,1),(899,4.44,11,3,14,0,1),(900,4.8,12,3,14,0,1),(901,4.2,1,3,14,0,8),(902,4.44,2,3,14,0,8),(903,4.3,3,3,14,0,8),(904,4.2,4,3,14,0,8),(905,4,5,3,14,0,8),(906,4.2,6,3,14,0,8),(907,3.9,7,3,14,0,8),(908,4.1,8,3,14,0,8),(909,4.3,9,3,14,0,8),(910,4.3,10,3,14,0,8),(911,4.5,11,3,14,0,8),(912,4.9,12,3,14,0,8),(913,5,1,3,14,0,9),(914,4.67,2,3,14,0,9),(915,5,3,3,14,0,9),(916,5,4,3,14,0,9),(917,5,5,3,14,0,9),(918,5,6,3,14,0,9),(919,5,7,3,14,0,9),(920,5,8,3,14,0,9),(921,5,9,3,14,0,9),(922,5,10,3,14,0,9),(923,5,11,3,14,0,9),(924,5,12,3,14,0,9),(925,4.86,1,3,14,0,10),(926,4.71,2,3,14,0,10),(927,4.57,3,3,14,0,10),(928,4.71,4,3,14,0,10),(929,4.86,5,3,14,0,10),(930,5,6,3,14,0,10),(931,4.86,7,3,14,0,10),(932,4.86,8,3,14,0,10),(933,4.86,9,3,14,0,10),(934,4.86,10,3,14,0,10),(935,4.86,11,3,14,0,10),(936,5,12,3,14,0,10),(937,4.7,1,3,14,0,13),(938,4.7,2,3,14,0,13),(939,4.4,3,3,14,0,13),(940,4.5,4,3,14,0,13),(941,4.8,5,3,14,0,13),(942,4.74,6,3,14,0,13),(943,4.7,7,3,14,0,13),(944,4.6,8,3,14,0,13),(945,4.75,9,3,14,0,13),(946,5,10,3,14,0,13),(947,4.95,11,3,14,0,13),(948,4.95,12,3,14,0,13),(949,5,1,3,14,0,3),(950,4.85,2,3,14,0,3),(951,4.69,3,3,14,0,3),(952,4.62,4,3,14,0,3),(953,4.77,5,3,14,0,3),(954,4.85,6,3,14,0,3),(955,4.85,7,3,14,0,3),(956,4.92,8,3,14,0,3),(957,5,9,3,14,0,3),(958,5,10,3,14,0,3),(959,4.92,11,3,14,0,3),(960,4.64,12,3,14,0,3),(961,4.36,1,3,14,0,2),(962,4.4,2,3,14,0,2),(963,4.32,3,3,14,0,2),(964,4.44,4,3,14,0,2),(965,4.64,5,3,14,0,2),(966,4.44,6,3,14,0,2),(967,4.2,7,3,14,0,2),(968,4.64,8,3,14,0,2),(969,4.64,9,3,14,0,2),(970,4.84,10,3,14,0,2),(971,4.72,11,3,14,0,2),(972,4.88,12,3,14,0,2),(973,4.2,1,3,14,0,6),(974,4.2,2,3,14,0,6),(975,4.4,3,3,14,0,6),(976,4.6,4,3,14,0,6),(977,4.8,5,3,14,0,6),(978,4.8,6,3,14,0,6),(979,4.6,7,3,14,0,6),(980,4.6,8,3,14,0,6),(981,4.6,9,3,14,0,6),(982,4.8,10,3,14,0,6),(983,4.6,11,3,14,0,6),(984,5,12,3,14,0,6),(985,4.6,1,3,17,0,12),(986,5,2,3,17,0,12),(987,4.6,3,3,17,0,12),(988,4.6,4,3,17,0,12),(989,4.6,5,3,17,0,12),(990,4.6,6,3,17,0,12),(991,4.6,7,3,17,0,12),(992,4.8,8,3,17,0,12),(993,4.6,9,3,17,0,12),(994,4.8,10,3,17,0,12),(995,4.6,11,3,17,0,12),(996,5,12,3,17,0,12),(997,4.71,1,3,17,0,7),(998,4.71,2,3,17,0,7),(999,4.36,3,3,17,0,7),(1000,4.43,4,3,17,0,7),(1001,4.71,5,3,17,0,7),(1002,4.64,6,3,17,0,7),(1003,4.46,7,3,17,0,7),(1004,4.71,8,3,17,0,7),(1005,4.77,9,3,17,0,7),(1006,4.86,10,3,17,0,7),(1007,4.86,11,3,17,0,7),(1008,5,12,3,17,0,7),(1009,4.64,1,3,17,0,1),(1010,4.79,2,3,17,0,1),(1011,4.5,3,3,17,0,1),(1012,4.43,4,3,17,0,1),(1013,4.71,5,3,17,0,1),(1014,4.93,6,3,17,0,1),(1015,4.86,7,3,17,0,1),(1016,4.43,8,3,17,0,1),(1017,4.57,9,3,17,0,1),(1018,4.93,10,3,17,0,1),(1019,4.86,11,3,17,0,1),(1020,5,12,3,17,0,1),(1021,4.25,1,3,17,0,8),(1022,4.5,2,3,17,0,8),(1023,4,3,3,17,0,8),(1024,4.25,4,3,17,0,8),(1025,4.5,5,3,17,0,8),(1026,4.5,6,3,17,0,8),(1027,4.25,7,3,17,0,8),(1028,4.75,8,3,17,0,8),(1029,4.5,9,3,17,0,8),(1030,4.5,10,3,17,0,8),(1031,5,11,3,17,0,8),(1032,5,12,3,17,0,8),(1033,4.08,1,3,17,0,13),(1034,4.31,2,3,17,0,13),(1035,3.92,3,3,17,0,13),(1036,4.15,4,3,17,0,13),(1037,4.31,5,3,17,0,13),(1038,4.08,6,3,17,0,13),(1039,4.23,7,3,17,0,13),(1040,4,8,3,17,0,13),(1041,4.17,9,3,17,0,13),(1042,4.31,10,3,17,0,13),(1043,4.23,11,3,17,0,13),(1044,4.5,12,3,17,0,13),(1045,3.92,1,3,17,0,3),(1046,4.15,2,3,17,0,3),(1047,3.83,3,3,17,0,3),(1048,3.62,4,3,17,0,3),(1049,4.38,5,3,17,0,3),(1050,3.69,6,3,17,0,3),(1051,3.46,7,3,17,0,3),(1052,3.92,8,3,17,0,3),(1053,4,9,3,17,0,3),(1054,4.33,10,3,17,0,3),(1055,4.46,11,3,17,0,3),(1056,5,12,3,17,0,3),(1057,4.29,1,3,17,0,6),(1058,4.29,2,3,17,0,6),(1059,3.86,3,3,17,0,6),(1060,4.14,4,3,17,0,6),(1061,4.14,5,3,17,0,6),(1062,4.43,6,3,17,0,6),(1063,4.29,7,3,17,0,6),(1064,4,8,3,17,0,6),(1065,4,9,3,17,0,6),(1066,4.57,10,3,17,0,6),(1067,3.43,11,3,17,0,6),(1068,5,12,3,17,0,6),(1069,4.6,1,3,1,0,7),(1070,4.6,2,3,1,0,7),(1071,4.7,3,3,1,0,7),(1072,4.6,4,3,1,0,7),(1073,4.6,5,3,1,0,7),(1074,4.6,6,3,1,0,7),(1075,4.3,7,3,1,0,7),(1076,4.6,8,3,1,0,7),(1077,4.6,9,3,1,0,7),(1078,4.7,10,3,1,0,7),(1079,4.3,11,3,1,0,7),(1080,5,12,3,1,0,7),(1081,4.92,1,3,1,0,1),(1082,5,2,3,1,0,1),(1083,4.46,3,3,1,0,1),(1084,4.42,4,3,1,0,1),(1085,4.92,5,3,1,0,1),(1086,4.62,6,3,1,0,1),(1087,4.67,7,3,1,0,1),(1088,4.92,8,3,1,0,1),(1089,5,9,3,1,0,1),(1090,5,10,3,1,0,1),(1091,4.92,11,3,1,0,1),(1092,4.92,12,3,1,0,1),(1093,4.93,1,3,1,0,8),(1094,4.93,2,3,1,0,8),(1095,4.5,3,3,1,0,8),(1096,4.36,4,3,1,0,8),(1097,4.71,5,3,1,0,8),(1098,4.57,6,3,1,0,8),(1099,4.5,7,3,1,0,8),(1100,4.43,8,3,1,0,8),(1101,4.64,9,3,1,0,8),(1102,4.93,10,3,1,0,8),(1103,4.85,11,3,1,0,8),(1104,4.79,12,3,1,0,8),(1105,5,1,3,1,0,9),(1106,4.85,2,3,1,0,9),(1107,4.37,3,3,1,0,9),(1108,4.16,4,3,1,0,9),(1109,4.4,5,3,1,0,9),(1110,3.9,6,3,1,0,9),(1111,4.2,7,3,1,0,9),(1112,4.05,8,3,1,0,9),(1113,4.1,9,3,1,0,9),(1114,4.6,10,3,1,0,9),(1115,4.4,11,3,1,0,9),(1116,4.39,12,3,1,0,9),(1117,5,1,3,1,0,5),(1118,4.88,2,3,1,0,5),(1119,4.71,3,3,1,0,5),(1120,4.71,4,3,1,0,5),(1121,4.94,5,3,1,0,5),(1122,4.94,6,3,1,0,5),(1123,4.88,7,3,1,0,5),(1124,4.88,8,3,1,0,5),(1125,4.94,9,3,1,0,5),(1126,5,10,3,1,0,5),(1127,4.76,11,3,1,0,5),(1128,5,12,3,1,0,5),(1129,4.79,1,3,1,0,4),(1130,4.64,2,3,1,0,4),(1131,4.5,3,3,1,0,4),(1132,4.64,4,3,1,0,4),(1133,4.86,5,3,1,0,4),(1134,4.71,6,3,1,0,4),(1135,4.57,7,3,1,0,4),(1136,4.5,8,3,1,0,4),(1137,4.71,9,3,1,0,4),(1138,4.93,10,3,1,0,4),(1139,4.5,11,3,1,0,4),(1140,5,12,3,1,0,4),(1141,4.58,1,3,1,0,3),(1142,4.39,2,3,1,0,3),(1143,4.21,3,3,1,0,3),(1144,4,4,3,1,0,3),(1145,4.47,5,3,1,0,3),(1146,4.32,6,3,1,0,3),(1147,4.16,7,3,1,0,3),(1148,4.26,8,3,1,0,3),(1149,4.53,9,3,1,0,3),(1150,4.74,10,3,1,0,3),(1151,4.53,11,3,1,0,3),(1152,4.95,12,3,1,0,3),(1153,4.67,1,3,1,0,2),(1154,4.33,2,3,1,0,2),(1155,4.22,3,3,1,0,2),(1156,4.22,4,3,1,0,2),(1157,4.56,5,3,1,0,2),(1158,4.11,6,3,1,0,2),(1159,4.11,7,3,1,0,2),(1160,4.11,8,3,1,0,2),(1161,4.22,9,3,1,0,2),(1162,4.44,10,3,1,0,2),(1163,4.11,11,3,1,0,2),(1164,4.71,12,3,1,0,2),(1165,4.45,1,3,1,0,6),(1166,4.36,2,3,1,0,6),(1167,4.27,3,3,1,0,6),(1168,4.1,4,3,1,0,6),(1169,4.73,5,3,1,0,6),(1170,4.55,6,3,1,0,6),(1171,4.6,7,3,1,0,6),(1172,4.2,8,3,1,0,6),(1173,4.27,9,3,1,0,6),(1174,4.91,10,3,1,0,6),(1175,4.45,11,3,1,0,6),(1176,5,12,3,1,0,6),(1177,4.71,1,3,4,0,7),(1178,4.71,2,3,4,0,7),(1179,4.71,3,3,4,0,7),(1180,4.76,4,3,4,0,7),(1181,4.67,5,3,4,0,7),(1182,4.71,6,3,4,0,7),(1183,4.76,7,3,4,0,7),(1184,4.76,8,3,4,0,7),(1185,4.67,9,3,4,0,7),(1186,4.9,10,3,4,0,7),(1187,4.57,11,3,4,0,7),(1188,4.8,12,3,4,0,7),(1189,4.91,1,3,4,0,1),(1190,4.91,2,3,4,0,1),(1191,4.55,3,3,4,0,1),(1192,4.45,4,3,4,0,1),(1193,4.82,5,3,4,0,1),(1194,4.73,6,3,4,0,1),(1195,4.64,7,3,4,0,1),(1196,4.7,8,3,4,0,1),(1197,4.55,9,3,4,0,1),(1198,5,10,3,4,0,1),(1199,4.82,11,3,4,0,1),(1200,4.91,12,3,4,0,1),(1201,5,1,3,4,0,8),(1202,4.9,2,3,4,0,8),(1203,4.6,3,3,4,0,8),(1204,4.7,4,3,4,0,8),(1205,4.7,5,3,4,0,8),(1206,4.6,6,3,4,0,8),(1207,4.4,7,3,4,0,8),(1208,4.4,8,3,4,0,8),(1209,4.56,9,3,4,0,8),(1210,4.9,10,3,4,0,8),(1211,3.7,11,3,4,0,8),(1212,4.4,12,3,4,0,8),(1213,4.93,1,3,4,0,9),(1214,4.86,2,3,4,0,9),(1215,4.29,3,3,4,0,9),(1216,4.29,4,3,4,0,9),(1217,4.31,5,3,4,0,9),(1218,4.21,6,3,4,0,9),(1219,4.21,7,3,4,0,9),(1220,4.07,8,3,4,0,9),(1221,4.21,9,3,4,0,9),(1222,4.64,10,3,4,0,9),(1223,3.93,11,3,4,0,9),(1224,4.79,12,3,4,0,9),(1225,4.92,1,3,4,0,11),(1226,5,2,3,4,0,11),(1227,4.67,3,3,4,0,11),(1228,4.75,4,3,4,0,11),(1229,4.83,5,3,4,0,11),(1230,4.83,6,3,4,0,11),(1231,4.83,7,3,4,0,11),(1232,4.92,8,3,4,0,11),(1233,4.83,9,3,4,0,11),(1234,5,10,3,4,0,11),(1235,4.42,11,3,4,0,11),(1236,4.91,12,3,4,0,11),(1237,5,1,3,4,0,4),(1238,4.92,2,3,4,0,4),(1239,4.85,3,3,4,0,4),(1240,4.85,4,3,4,0,4),(1241,4.92,5,3,4,0,4),(1242,4.92,6,3,4,0,4),(1243,5,7,3,4,0,4),(1244,4.85,8,3,4,0,4),(1245,4.85,9,3,4,0,4),(1246,5,10,3,4,0,4),(1247,4.92,11,3,4,0,4),(1248,5,12,3,4,0,4),(1249,4.6,1,3,4,0,3),(1250,4.6,2,3,4,0,3),(1251,4.1,3,3,4,0,3),(1252,4.05,4,3,4,0,3),(1253,4.25,5,3,4,0,3),(1254,4.25,6,3,4,0,3),(1255,3.85,7,3,4,0,3),(1256,4.11,8,3,4,0,3),(1257,4.25,9,3,4,0,3),(1258,4.6,10,3,4,0,3),(1259,4.5,11,3,4,0,3),(1260,4.9,12,3,4,0,3),(1261,4.56,1,3,4,0,2),(1262,4.69,2,3,4,0,2),(1263,4.19,3,3,4,0,2),(1264,4.31,4,3,4,0,2),(1265,4.44,5,3,4,0,2),(1266,4.38,6,3,4,0,2),(1267,4.13,7,3,4,0,2),(1268,4.19,8,3,4,0,2),(1269,4.5,9,3,4,0,2),(1270,4.69,10,3,4,0,2),(1271,4.38,11,3,4,0,2),(1272,5,12,3,4,0,2),(1273,4.21,1,3,4,0,6),(1274,4.71,2,3,4,0,6),(1275,3.5,3,3,4,0,6),(1276,3.71,4,3,4,0,6),(1277,4.14,5,3,4,0,6),(1278,4.21,6,3,4,0,6),(1279,4.07,7,3,4,0,6),(1280,3.62,8,3,4,0,6),(1281,4.38,9,3,4,0,6),(1282,4.57,10,3,4,0,6),(1283,4.5,11,3,4,0,6),(1284,5,12,3,4,0,6),(1285,4.5,1,3,7,0,12),(1286,4.5,2,3,7,0,12),(1287,5,3,3,7,0,12),(1288,5,4,3,7,0,12),(1289,5,5,3,7,0,12),(1290,5,6,3,7,0,12),(1291,5,7,3,7,0,12),(1292,5,8,3,7,0,12),(1293,5,9,3,7,0,12),(1294,5,10,3,7,0,12),(1295,5,11,3,7,0,12),(1296,5,12,3,7,0,12),(1297,4.67,1,3,7,0,1),(1298,4.83,2,3,7,0,1),(1299,4.75,3,3,7,0,1),(1300,4.42,4,3,7,0,1),(1301,4.67,5,3,7,0,1),(1302,4.5,6,3,7,0,1),(1303,4.58,7,3,7,0,1),(1304,4.5,8,3,7,0,1),(1305,4.33,9,3,7,0,1),(1306,4.75,10,3,7,0,1),(1307,4.58,11,3,7,0,1),(1308,4.33,12,3,7,0,1),(1309,4.67,1,3,7,0,9),(1310,4.67,2,3,7,0,9),(1311,4.67,3,3,7,0,9),(1312,4.67,4,3,7,0,9),(1313,4.67,5,3,7,0,9),(1314,4.67,6,3,7,0,9),(1315,4.67,7,3,7,0,9),(1316,4.67,8,3,7,0,9),(1317,4.67,9,3,7,0,9),(1318,4.33,10,3,7,0,9),(1319,4.67,11,3,7,0,9),(1320,5,12,3,7,0,9),(1321,4,1,3,7,0,11),(1322,4,2,3,7,0,11),(1323,4.29,3,3,7,0,11),(1324,4,4,3,7,0,11),(1325,4.57,5,3,7,0,11),(1326,4.43,6,3,7,0,11),(1327,4.29,7,3,7,0,11),(1328,4.57,8,3,7,0,11),(1329,4.43,9,3,7,0,11),(1330,4.43,10,3,7,0,11),(1331,4.43,11,3,7,0,11),(1332,3.71,12,3,7,0,11),(1333,4.23,1,3,7,0,13),(1334,3.92,2,3,7,0,13),(1335,3.92,3,3,7,0,13),(1336,3.85,4,3,7,0,13),(1337,4.31,5,3,7,0,13),(1338,3.92,6,3,7,0,13),(1339,3.77,7,3,7,0,13),(1340,4,8,3,7,0,13),(1341,4.54,9,3,7,0,13),(1342,4.85,10,3,7,0,13),(1343,4.23,11,3,7,0,13),(1344,4.46,12,3,7,0,13),(1345,4.87,1,3,7,0,3),(1346,4.8,2,3,7,0,3),(1347,4.47,3,3,7,0,3),(1348,4.6,4,3,7,0,3),(1349,4.6,5,3,7,0,3),(1350,4.47,6,3,7,0,3),(1351,4.6,7,3,7,0,3),(1352,4.53,8,3,7,0,3),(1353,4.8,9,3,7,0,3),(1354,5,10,3,7,0,3),(1355,4.73,11,3,7,0,3),(1356,4.87,12,3,7,0,3),(1357,4.56,1,3,7,0,2),(1358,4.67,2,3,7,0,2),(1359,4.5,3,3,7,0,2),(1360,4.44,4,3,7,0,2),(1361,4.67,5,3,7,0,2),(1362,4.67,6,3,7,0,2),(1363,4.56,7,3,7,0,2),(1364,4.61,8,3,7,0,2),(1365,4.72,9,3,7,0,2),(1366,4.78,10,3,7,0,2),(1367,4.67,11,3,7,0,2),(1368,4.82,12,3,7,0,2),(1369,3.73,1,3,7,0,6),(1370,3.47,2,3,7,0,6),(1371,4.33,3,3,7,0,6),(1372,4.4,4,3,7,0,6),(1373,4.6,5,3,7,0,6),(1374,4.6,6,3,7,0,6),(1375,4.33,7,3,7,0,6),(1376,4.47,8,3,7,0,6),(1377,4.67,9,3,7,0,6),(1378,4.93,10,3,7,0,6),(1379,4.87,11,3,7,0,6),(1380,5,12,3,7,0,6),(1381,5,1,3,10,0,12),(1382,4.75,2,3,10,0,12),(1383,4.6,3,3,10,0,12),(1384,4.8,4,3,10,0,12),(1385,4.8,5,3,10,0,12),(1386,5,6,3,10,0,12),(1387,4.8,7,3,10,0,12),(1388,5,8,3,10,0,12),(1389,4.8,9,3,10,0,12),(1390,5,10,3,10,0,12),(1391,5,11,3,10,0,12),(1392,5,12,3,10,0,12),(1393,5,1,3,10,0,7),(1394,5,2,3,10,0,7),(1395,5,3,3,10,0,7),(1396,5,4,3,10,0,7),(1397,5,5,3,10,0,7),(1398,5,6,3,10,0,7),(1399,5,7,3,10,0,7),(1400,5,8,3,10,0,7),(1401,5,9,3,10,0,7),(1402,5,10,3,10,0,7),(1403,4.8,11,3,10,0,7),(1404,5,12,3,10,0,7),(1405,4.18,1,3,10,0,1),(1406,4.27,2,3,10,0,1),(1407,4.09,3,3,10,0,1),(1408,4.09,4,3,10,0,1),(1409,4.27,5,3,10,0,1),(1410,4.18,6,3,10,0,1),(1411,4.18,7,3,10,0,1),(1412,4.09,8,3,10,0,1),(1413,4.18,9,3,10,0,1),(1414,4.27,10,3,10,0,1),(1415,4,11,3,10,0,1),(1416,5,12,3,10,0,1),(1417,4.82,1,3,10,0,8),(1418,4.91,2,3,10,0,8),(1419,4.64,3,3,10,0,8),(1420,4.73,4,3,10,0,8),(1421,4.91,5,3,10,0,8),(1422,4.82,6,3,10,0,8),(1423,4.82,7,3,10,0,8),(1424,4.55,8,3,10,0,8),(1425,4.64,9,3,10,0,8),(1426,4.82,10,3,10,0,8),(1427,4.73,11,3,10,0,8),(1428,5,12,3,10,0,8),(1429,4.25,1,3,10,0,9),(1430,4.5,2,3,10,0,9),(1431,4.25,3,3,10,0,9),(1432,4.25,4,3,10,0,9),(1433,4.5,5,3,10,0,9),(1434,4.5,6,3,10,0,9),(1435,4.5,7,3,10,0,9),(1436,4.5,8,3,10,0,9),(1437,4.5,9,3,10,0,9),(1438,4.75,10,3,10,0,9),(1439,4.5,11,3,10,0,9),(1440,5,12,3,10,0,9),(1441,4.62,1,3,10,0,10),(1442,4.54,2,3,10,0,10),(1443,4.46,3,3,10,0,10),(1444,4.46,4,3,10,0,10),(1445,4.69,5,3,10,0,10),(1446,4.62,6,3,10,0,10),(1447,4.46,7,3,10,0,10),(1448,4.54,8,3,10,0,10),(1449,4.62,9,3,10,0,10),(1450,4.62,10,3,10,0,10),(1451,4.69,11,3,10,0,10),(1452,4.92,12,3,10,0,10),(1453,4.52,1,3,10,0,13),(1454,4.29,2,3,10,0,13),(1455,4.43,3,3,10,0,13),(1456,4.29,4,3,10,0,13),(1457,4.52,5,3,10,0,13),(1458,4.67,6,3,10,0,13),(1459,4.67,7,3,10,0,13),(1460,4.57,8,3,10,0,13),(1461,4.71,9,3,10,0,13),(1462,4.9,10,3,10,0,13),(1463,4.71,11,3,10,0,13),(1464,5,12,3,10,0,13),(1465,4.53,1,3,10,0,3),(1466,4.5,2,3,10,0,3),(1467,4.31,3,3,10,0,3),(1468,4.65,4,3,10,0,3),(1469,4.88,5,3,10,0,3),(1470,4.41,6,3,10,0,3),(1471,4.41,7,3,10,0,3),(1472,4.56,8,3,10,0,3),(1473,4.53,9,3,10,0,3),(1474,4.75,10,3,10,0,3),(1475,4.82,11,3,10,0,3),(1476,4.81,12,3,10,0,3),(1477,4.5,1,3,10,0,2),(1478,4.33,2,3,10,0,2),(1479,4.17,3,3,10,0,2),(1480,4.25,4,3,10,0,2),(1481,4.42,5,3,10,0,2),(1482,4.67,6,3,10,0,2),(1483,4.25,7,3,10,0,2),(1484,4.5,8,3,10,0,2),(1485,4.42,9,3,10,0,2),(1486,4.83,10,3,10,0,2),(1487,4.75,11,3,10,0,2),(1488,4.91,12,3,10,0,2),(1489,4.55,1,3,10,0,6),(1490,4.18,2,3,10,0,6),(1491,3.82,3,3,10,0,6),(1492,4,4,3,10,0,6),(1493,4.64,5,3,10,0,6),(1494,4.27,6,3,10,0,6),(1495,4,7,3,10,0,6),(1496,4.64,8,3,10,0,6),(1497,4.27,9,3,10,0,6),(1498,4.82,10,3,10,0,6),(1499,4.8,11,3,10,0,6),(1500,5,12,3,10,0,6);
/*!40000 ALTER TABLE `answers` ENABLE KEYS */;
UNLOCK TABLES;

--
-- Table structure for table `category`
--

DROP TABLE IF EXISTS `category`;
/*!40101 SET @saved_cs_client     = @@character_set_client */;
/*!40101 SET character_set_client = utf8 */;
CREATE TABLE `category` (
  `ID` int(2) NOT NULL,
  `Category` varchar(45) NOT NULL
) ENGINE=MyISAM DEFAULT CHARSET=utf8;
/*!40101 SET character_set_client = @saved_cs_client */;

--
-- Dumping data for table `category`
--

LOCK TABLES `category` WRITE;
/*!40000 ALTER TABLE `category` DISABLE KEYS */;
INSERT INTO `category` (`ID`, `Category`) VALUES (1,'Organization & Preparedness'),(2,'Effectivness & Helpfulness'),(3,'Grading Methods'),(4,'Would Recommend');
/*!40000 ALTER TABLE `category` ENABLE KEYS */;
UNLOCK TABLES;

--
-- Table structure for table `classes`
--

DROP TABLE IF EXISTS `classes`;
/*!40101 SET @saved_cs_client     = @@character_set_client */;
/*!40101 SET character_set_client = utf8 */;
CREATE TABLE `classes` (
  `ID` int(11) NOT NULL,
  `title` varchar(45) DEFAULT NULL,
  `crn` varchar(45) DEFAULT NULL,
  `instructors_ID` int(11) NOT NULL,
  `terms_ID` int(11) NOT NULL,
  PRIMARY KEY (`ID`),
  KEY `fk_classes_instructors1_idx` (`instructors_ID`),
  KEY `fk_classes_terms1_idx` (`terms_ID`)
) ENGINE=MyISAM DEFAULT CHARSET=latin1;
/*!40101 SET character_set_client = @saved_cs_client */;

--
-- Dumping data for table `classes`
--

LOCK TABLES `classes` WRITE;
/*!40000 ALTER TABLE `classes` DISABLE KEYS */;
/*!40000 ALTER TABLE `classes` ENABLE KEYS */;
UNLOCK TABLES;

--
-- Table structure for table `departments`
--

DROP TABLE IF EXISTS `departments`;
/*!40101 SET @saved_cs_client     = @@character_set_client */;
/*!40101 SET character_set_client = utf8 */;
CREATE TABLE `departments` (
  `id` int(10) unsigned NOT NULL AUTO_INCREMENT,
  `name` varchar(32) NOT NULL,
  `abbr` varchar(3) NOT NULL,
  PRIMARY KEY (`id`)
) ENGINE=MyISAM AUTO_INCREMENT=67 DEFAULT CHARSET=latin1;
/*!40101 SET character_set_client = @saved_cs_client */;

--
-- Dumping data for table `departments`
--

LOCK TABLES `departments` WRITE;
/*!40000 ALTER TABLE `departments` DISABLE KEYS */;
INSERT INTO `departments` (`id`, `name`, `abbr`) VALUES (6,'Academic and Career Skills','ACS'),(7,'Accounting','ACC'),(8,'Advanced Manufacturing Systems','AMS'),(9,'Animation','ANI'),(10,'Anthropology','ANT'),(11,'Art','ART'),(12,'Astronomy','AST'),(13,'Auto Body Repair','ABR'),(14,'Automotive Services','ASV'),(15,'Biology','BIO'),(16,'Business Management','BMG'),(17,'Business Office Systems','BOS'),(18,'Chemistry','CEM'),(19,'Child Care Professional','CCP'),(20,'Clinical Medical Certification','CMC'),(21,'Communication','COM'),(22,'Computer Information Systems','CIS'),(23,'Computer Networking Technology','CNT'),(24,'Computer Science','CPS'),(25,'Computer Systems Technology','CST'),(26,'Construction Technology','CON'),(27,'Criminal Justice','CJT'),(28,'Culinary Arts','CUL'),(29,'Custom Cars &amp; Concepts','CCC'),(30,'Dance','DAN'),(31,'Dental Assisting','DEN'),(32,'Drname, abbrama','DRA'),(33,'Economics','ECO'),(34,'English','ENG'),(35,'Environmental Science','ENV'),(36,'Fluid Power','FLP'),(37,'Geography','GEO'),(38,'Geology','GLG'),(39,'Graphic Design Technology','GDT'),(40,'Health Science','HSC'),(41,'Heating Ventilation and Air','HVA'),(42,'History','HST'),(43,'Human Services Worker','HSW'),(44,'Humanities','HUM'),(45,'Ironworker Instructor Training','IWT'),(46,'Machine Tool Technology','MTT'),(47,'Mathematics','MTH'),(48,'Motorcycle Service Technology','MST'),(49,'Music','MUS'),(50,'Numerical Control','NCT'),(51,'Nursing','NUR'),(52,'Philosophy','PHL'),(53,'Photography','PHO'),(54,'Physical Education Activity','PEA'),(55,'Physics','PHY'),(56,'Political Science','PLS'),(57,'Psychology','PSY'),(58,'Radiography','RAD'),(59,'Reading','REA'),(60,'Robotics','ROB'),(61,'Science','SCI'),(62,'Sociology','SOC'),(63,'Spanish','SPN'),(64,'Video Production','VID'),(65,'Welding &amp; Fabrication','WAF'),(66,'Yoga','YOG');
/*!40000 ALTER TABLE `departments` ENABLE KEYS */;
UNLOCK TABLES;

--
-- Table structure for table `instructors`
--

DROP TABLE IF EXISTS `instructors`;
/*!40101 SET @saved_cs_client     = @@character_set_client */;
/*!40101 SET character_set_client = utf8 */;
CREATE TABLE `instructors` (
  `id` int(10) unsigned NOT NULL AUTO_INCREMENT,
  `fname` varchar(32) NOT NULL,
  `lname` varchar(32) NOT NULL,
  PRIMARY KEY (`id`)
) ENGINE=MyISAM AUTO_INCREMENT=60 DEFAULT CHARSET=latin1;
/*!40101 SET character_set_client = @saved_cs_client */;

--
-- Dumping data for table `instructors`
--

LOCK TABLES `instructors` WRITE;
/*!40000 ALTER TABLE `instructors` DISABLE KEYS */;
INSERT INTO `instructors` (`id`, `fname`, `lname`) VALUES (1,'Sandra','Burtrum'),(2,'Susan','Campbell'),(3,'Zoe','Farmasonis'),(4,'Debra','Grysen'),(5,'Sharon','Landrum'),(6,'Gregory','Mitchell'),(7,'Stacy','Peterson'),(8,'Suzanne','Schoendorff'),(9,'Vicki','Shields'),(10,'John','Diefenbacher'),(11,'Charles','Graham'),(12,'Jill','Grobbel'),(13,'Kathleen','Kibbie'),(14,'Nancy','Sylvester'),(15,'Pamela','Trout'),(16,'Bonnie','Truhn');
/*!40000 ALTER TABLE `instructors` ENABLE KEYS */;
UNLOCK TABLES;

--
-- Table structure for table `questions`
--

DROP TABLE IF EXISTS `questions`;
/*!40101 SET @saved_cs_client     = @@character_set_client */;
/*!40101 SET character_set_client = utf8 */;
CREATE TABLE `questions` (
  `ID` int(11) NOT NULL,
  `SOQnum` tinyint(2) NOT NULL,
  `question` longtext NOT NULL,
  `fk_QuestionSetID` int(2) NOT NULL,
  `fk_Category` int(2) NOT NULL,
  PRIMARY KEY (`ID`)
) ENGINE=MyISAM DEFAULT CHARSET=utf8;
/*!40101 SET character_set_client = @saved_cs_client */;

--
-- Dumping data for table `questions`
--

LOCK TABLES `questions` WRITE;
/*!40000 ALTER TABLE `questions` DISABLE KEYS */;
INSERT INTO `questions` (`ID`, `SOQnum`, `question`, `fk_QuestionSetID`, `fk_Category`) VALUES (1,1,'The instructor clearly indicates the objectives of the course.',1,1),(2,2,'The instructor clearly defines course requirements.',1,1),(3,3,'The instructor relates the subject matter to the course objective',1,2),(4,4,'The course is planned and organized effectively.',1,1),(5,5,'The instructor communicates the subject matter clearly and effectively.',1,2),(6,6,'The instructor clearly explains how I am to be graded or evaluated at the beginning of the course.',1,3),(7,7,'The instructor\'s style of teaching is helpful to me.',1,2),(8,8,'The instructor responds to questions adequately.',1,2),(9,9,'The instructor makes students feel free to ask questions.',1,2),(10,10,'The instructor\'s method of evaluation is closely related to the material covered in the course.',1,3),(11,11,'The instructor\"s method of evaluation is understandable.',1,3),(12,12,'The instructor provides adequate feedback, including a midterm grade or report, concerning student performance and progress.',1,3),(13,13,'The instructor shows concern for the educational needs of students.',1,2),(14,14,'The instructor treats students with respect.',1,2),(15,15,'How many times has your instructor missed class?',1,1),(16,16,'The instructor normally begins and ends class at the scheduled time.',1,1),(17,17,'The instructor is available for consultation.',1,2),(18,18,'The instructor\'s teaching methods in this course are effective.',1,2),(19,19,'I would recommend this instructor to other students.',1,4),(20,1,'The syllabus l 1st day handout describes what l am supposed to learn.',2,1),(21,2,'The syllabus l 1st day handout provides a schedule outlining the course activities.',2,1),(22,3,'l understand how I am graded in this course.',2,3),(23,4,'My instructor made it clear how to contact him or her outside of class.',2,1),(24,5,'My instructor normally starts and ends class on time.',2,1),(25,6,'Mymstructor sknowledgeableaboutthesubject',2,1),(26,7,'My instructor is knowledgeable about the subject.',2,2),(27,8,'My instructor presents the subject matter well.',2,2),(28,9,'My instructor is enthusiastic about the subject matter.',2,2),(29,10,'My instructor actively encourages attendance and participation.',2,2),(30,11,'My instructor uses class time effectively.',2,1),(31,12,'My instructor uses examples and illustrations to help me understand course content.',2,2),(32,13,'My instructor is open to questions from the class.',2,2),(33,14,'My instructor answers questions clearly.',2,0),(34,15,'My instructor helps me learn more about the subject.',2,2),(35,16,'My instructor gives me helpful feedback on my work so l know how to improve.',2,2),(36,17,'l would recommend this instructor to other students.',2,4),(37,1,'My counselor provides the support l need to be successful while working on my GED.',3,2),(38,2,'My counselor provides enough information about programs and opportunities at WCC.',3,2),(39,3,'The course is planned and organized effectively.',3,1),(40,4,'The course meets by personal objectives and expectations.',3,4),(41,5,'l would recommend this course to other students.',3,4),(42,6,'The instructor communicates the subject matter clearly.',3,2),(43,7,'The instructor\'s style of teaching is helpful to me.',3,2),(44,8,'The instructor identifies areas where l need to improve my test scores.',3,2),(45,9,'The instructor shows concern for the educational needs of the students.',3,2),(46,10,'The instructor treats students with respect.',3,2),(47,11,'The instructor normally begins and ends class at the scheduled time.',3,1),(48,12,'How many times has the instructor missed class?',3,1),(49,1,'The instructor made the objectives, requirements, and due dates clear at the beginning of the course.',4,1),(50,2,'The instructor\'s explanations, guidance, and feedback helped me understand the course concepts (main ideas).',4,2),(51,3,'The instructor clearly explained how l was to be graded or evaluated for the course.',4,3),(52,4,'The instructor was fair and objective in grading tests and assignments.',4,3),(53,5,'The instructor gave timely feedback (comments or grades) on elements of this course such as tests, discussion boards, and assignments.',4,2),(54,6,'The instructor\'s comments on elements of this course (e.g., tests, discussion boards, and assignments) were useful in helping me learn.',4,2),(55,7,'The instructor\'s communications encouraged me to actively participate, ask questions, and express opinions in the class (e.g., through e-mail, announcements, and discussion).',4,2),(56,8,'The instructor challenged me to think about, analyze, and evaluate the main ideas of the course.',4,2),(57,9,'The instructor responded to my e-mails and questions in a timely manner.',4,1),(58,10,'The instructor treated students with courtesy and respect.',4,2),(59,11,'My instructor\'s communication motivated me to learn.',4,2),(60,12,'l would recommend this instructor to other students.',4,4),(61,1,'The syllabus l 1st day handout describes what l am supposed to learn.',5,1),(62,2,'The syllabus l 1st day handout provides a schedule outlining the course activities.',5,1),(63,3,'I understand how I am graded in this course.',5,3),(64,4,'My instructor made it clear how to contact him or her outside of class.',5,1),(65,5,'My instructor normally posts oMine assignments as scheduled.',5,1),(66,6,'My instructor follows the course schedule.',5,1),(67,7,'My instructor is knowledgeable about the subject.',5,2),(68,8,'My instructor presents the subject matter well.',5,2),(69,9,'My instructor is enthusiastic about the subject matter.',5,2),(70,10,'My instructor actively encourages attendance and participation.',5,2),(71,11,'My instructor uses Blackboard effectively.',5,2),(72,12,'My instructor uses examples and illustrations to help me understand course content.',5,2),(73,13,'My instructor is open to questions from the class.',5,2),(74,14,'My instructor answers questions clearly.',5,2),(75,15,'My instructor helps me learn more about the subject.',5,2),(76,16,'My instructor gives me helpful feedback on my work so l know how to improve.',5,2),(77,17,'l would recommend this instructor to other students.',5,4);
/*!40000 ALTER TABLE `questions` ENABLE KEYS */;
UNLOCK TABLES;

--
-- Table structure for table `terms`
--

DROP TABLE IF EXISTS `terms`;
/*!40101 SET @saved_cs_client     = @@character_set_client */;
/*!40101 SET character_set_client = utf8 */;
CREATE TABLE `terms` (
  `ID` int(11) NOT NULL,
  `name` varchar(45) DEFAULT NULL,
  `year` varchar(45) DEFAULT NULL,
  PRIMARY KEY (`ID`)
) ENGINE=MyISAM DEFAULT CHARSET=latin1;
/*!40101 SET character_set_client = @saved_cs_client */;

--
-- Dumping data for table `terms`
--

LOCK TABLES `terms` WRITE;
/*!40000 ALTER TABLE `terms` DISABLE KEYS */;
/*!40000 ALTER TABLE `terms` ENABLE KEYS */;
UNLOCK TABLES;

--
-- Dumping routines for database 'washten2_soq'
--
/*!40103 SET TIME_ZONE=@OLD_TIME_ZONE */;

/*!40101 SET SQL_MODE=@OLD_SQL_MODE */;
/*!40014 SET FOREIGN_KEY_CHECKS=@OLD_FOREIGN_KEY_CHECKS */;
/*!40014 SET UNIQUE_CHECKS=@OLD_UNIQUE_CHECKS */;
/*!40101 SET CHARACTER_SET_CLIENT=@OLD_CHARACTER_SET_CLIENT */;
/*!40101 SET CHARACTER_SET_RESULTS=@OLD_CHARACTER_SET_RESULTS */;
/*!40101 SET COLLATION_CONNECTION=@OLD_COLLATION_CONNECTION */;
/*!40111 SET SQL_NOTES=@OLD_SQL_NOTES */;

-- Dump completed on 2014-10-27 20:58:19
